"Age_Category","Age_Category_Count","Age_mean","Menstrual_Irregularity","Testosterone_Level_Mean.ng.dL","BMI_Mean","Prediction.PCOS_Diagnosis_Mean"
"Adult",810,32.141975308642,0.238271604938272,26.800987654321,29.3291358024691,0.0666666666666667
"Mature",323,43.5851393188854,0.30030959752322,18.7596284829721,31.0352941176471,0.108359133126935
"Young",343,20.7959183673469,0.122448979591837,31.7306705539359,26.8793002915452,0.0379008746355685
