"Ethnicity","Ethnicity_Count","Age_mean","Menstrual_Irregularity","Testosterone_Level_Mean.ng.dL","BMI_Mean","Prediction.PCOS_Diagnosis_Mean"
"Asian",197,33.2944162436548,0.289340101522843,23.2843147208122,24.2253807106599,0.0203045685279188
"Black",340,32.2882352941176,0.229411764705882,27.4898823529412,30.9197058823529,0.0882352941176471
"Caucasian",398,31.786432160804,0.21356783919598,24.8266582914573,28.5904522613065,0.0703517587939698
"Mexican_American",293,32.0409556313993,0.180887372013652,24.7164505119454,30.6696245733788,0.0648464163822526
"Other_Hispanic",183,31.2841530054645,0.240437158469945,31.0374863387978,29.2103825136612,0.087431693989071
"Other_Including_Multi_Racial",65,29.9230769230769,0.230769230769231,29.468,30.8430769230769,0.0769230769230769
