"Follicle_Less_Than_Average","Count","Age_mean","BMI_Mean","Menstrual_Irregularity","Testosterone_Level_Mean.ng.dL","PCOS_Diagnosis_Mean"
0,424,32.1297169811321,26.4879716981132,0.547169811320755,60.6325471698113,0.252358490566038
1,576,31.5069444444444,26.3126736111111,0.517361111111111,59.8112847222222,0.159722222222222
