"Testosterone_Over_Normal","Count","Age_mean","BMI_Mean","Menstrual_Irregularity","Testosterone_Level_Mean.ng.dL","PCOS_Diagnosis_Mean"
0,617,32.1361426256078,26.4301458670989,0.513776337115073,44.8385737439222,0.165316045380875
1,383,31.1827676240209,26.3174934725849,0.556135770234987,84.8409921671018,0.253263707571802
