"Menstrual_Irregularity","Count","Age_mean","BMI_Mean","Testosterone_Level_Mean.ng.dL","PCOS_Diagnosis_Mean"
0,470,31.4808510638298,26.2236170212766,59.11,0
1,530,32.0283018867925,26.5318867924528,61.0901886792453,0.375471698113208
