"BMI_Over_Normal","Count","Age_mean","BMI_Mean","Menstrual_Irregularity","Testosterone_Level_Mean.ng.dL","PCOS_Diagnosis_Mean"
0,424,32.2264150943396,21.4391509433962,0.507075471698113,59.8754716981132,0
1,576,31.4357638888889,30.0291666666667,0.546875,60.3685763888889,0.345486111111111
